üì§ Envie o PDF em portugu√™s,üìÑ Resultado extra√≠do,üì• Baixar resultado_extracao.txt,timestamp
.gradio\flagged\ Envie o PDF em portugu√™s\da53ad76be805480ed1e\1.fp fabricantes insumos mercosul e internacional.pdf,"N√öMERO E DATA DA √öLTIMA RESOLU√á√ÉO DE CERTIFICA√á√ÉO:
N√£o encontrado

N√öMERO DO EXPEDIENTE ou do PROCESSO:
N√£o encontrado

IDENTIFICA√á√ÉO DA EMPRESA SOLICITANTE:
04 Raz√£o Social EMS S/A CNPJ 57.507.378/0003-65

RESPONS√ÅVEL(IS) NO BRASIL PELO AGENDAMENTO DE INSPE√á√ïES:
Nome(s): JULIANA BERGANTIN MEGID / ANDREA LUISA

IDENTIFICA√á√ÉO DA EMPRESA ESTRANGEIRA A SER CERTIFICADA:
N√£o encontrado

INSUMOS OBJETOS DA CERTIFICA√á√ÉO:
(caso estas informa√ß√µes j√° constem no anexo, basta referenciar o anexo)
",.gradio\flagged\ Baixar resultado_extracao.txt\d24f0dfbc1d1f8f9e0d0\resultado_extracao.txt,2025-07-28 12:07:01.344497
